{"cameraMode":{"drawMode":0,"name":"Shaded","section":"Shading Mode"},"sceneLighting":true,"audioPlay":false,"sceneViewState":{"m_AlwaysRefresh":false,"showFog":true,"showSkybox":true,"showFlares":true,"showImageEffects":true,"showParticleSystems":true,"showVisualEffectGraphs":true,"m_FxEnabled":true},"in2DMode":false,"pivot":{"x":1.2977423667907715,"y":-35.46615219116211,"z":36.920082092285159},"rotation":{"x":0.36640840768814089,"y":0.026506410911679269,"z":-0.010451549664139748,"w":0.9300137758255005},"size":32.68220138549805,"orthographic":false}